,pred_minute,mean_rel_err,std_rel_err
0,0.0,0.0935,0.1583
1,10.0,0.09937,0.1415
2,20.0,0.10144,0.1729
3,30.0,0.0984,0.1669
4,40.0,0.10034,0.2036
5,50.0,0.1148,0.1891
6,60.0,0.1254,0.3174
7,70.0,0.1375,0.2076
8,80.0,0.1426,0.198
9,90.0,0.1417,0.3018
10,100.0,0.1335,0.434
11,110.0,0.1345,0.512
